"time","period","gdp","exp","epg","hpr","gdpus","oil","crd","bci"
1990,1,NA,NA,0.128303169479852,NA,NA,0.0507947856484845,NA,NA
1990.08333333333,1,NA,NA,0.14087857241283,NA,NA,-0.049098305942467,NA,NA
1990.16666666667,1,4.7145865649675,3.09728440788142,0.132082943824072,0.0454399910231079,1.08686252710442,-0.0872134260996265,-4.9930878406633,22.2369383131126
1990.25,1,NA,NA,0.0383473737774566,NA,NA,-0.107203719744164,NA,NA
1990.33333333333,1,NA,NA,0.159386708221008,NA,NA,-0.0082764822262178,NA,NA
1990.41666666667,1,0.856838293888273,-2.02558097884884,0.0988834317362175,0.0330705381676746,0.362251296646932,-0.0880102033148722,-4.6806618273405,20.433335203034
1990.5,1,NA,NA,0.127868028319827,NA,NA,0.114805632512024,NA,NA
1990.58333333333,1,NA,NA,-0.0882979540658305,NA,NA,0.451021385379173,NA,NA
1990.66666666667,1,1.2196817500806,4.36477145853651,-0.291667215375803,0.00173604708976274,0.0665008073680085,0.230249448406997,-7.08939326887334,5.79043983721433
1990.75,1,NA,NA,-0.233703230590166,NA,NA,0.0281087164188362,NA,NA
1990.83333333333,1,NA,NA,-0.288719695319114,NA,NA,-0.102434514056659,NA,NA
1990.91666666667,1,1.44733310294711,13.5701719613855,-0.220308829980814,-0.0776645220589799,-0.914548689537398,-0.174082938974218,-7.50376735696744,3.96157474481001
1991,1,NA,NA,-0.158446716972144,NA,NA,-0.16037970619703,NA,NA
1991.08333333333,1,NA,NA,-0.0295486835156257,NA,NA,-0.209446663775329,NA,NA
1991.16666666667,1,2.70761908625126,1.54155955566813,-0.00511591972321894,-0.0740290146524263,-0.468941632256836,-0.0162372022056838,-4.43461708809125,17.058287272427
1991.25,1,NA,NA,0.0226306428864609,NA,NA,0.0119128926068139,NA,NA
1991.33333333333,1,NA,NA,0.0166569914887749,NA,NA,0.00875800129443771,NA,NA
1991.41666666667,1,0.994991358846065,-7.80171019020122,-0.0527737227336676,-0.0361633018581123,0.776694733046668,-0.0549014352852086,-7.26254187582102,18.4359866095904
1991.5,1,NA,NA,-0.0432692218654167,NA,NA,0.0666592763216929,NA,NA
1991.58333333333,1,NA,NA,-0.0789322987504767,NA,NA,0.0118742543209578,NA,NA
1991.66666666667,1,1.84372906422983,2.8082752171037,-0.126027649538737,-0.0540244632643329,0.504024267269543,0.0311531907664597,-8.03871923410497,11.9703606132678
1991.75,1,NA,NA,-0.100213431302224,NA,NA,0.0766233558293397,NA,NA
1991.83333333333,1,NA,NA,-0.0840461222123427,NA,NA,-0.0599193292337536,NA,NA
1991.91666666667,1,0.728665207681622,-3.98342694327107,-0.0688750864027845,-0.0826402215314156,0.347892821056917,-0.149695138385581,-8.34874172678923,5.23403933338144
1992,1,NA,NA,-0.0469166761034947,NA,NA,-0.00620112557493613,NA,NA
1992.08333333333,1,NA,NA,-0.0928375840721266,NA,NA,0.00482725067066681,NA,NA
1992.16666666667,1,2.14276347551632,3.77446715463261,-0.130925820764236,-0.0825984840735934,1.18994366222367,-0.0189649370612506,-9.47775162737719,11.8710727407287
1992.25,1,NA,NA,-0.0977786567898521,NA,NA,0.0692639982432766,NA,NA
1992.33333333333,1,NA,NA,-0.063042153749492,NA,NA,0.0439693840401678,NA,NA
1992.41666666667,1,0.938921372964252,-0.0664061732202903,-0.0876667788388161,-0.0937578976809161,1.07851639400742,0.0645820937154875,-7.55560607068346,19.4393562787889
1992.5,1,NA,NA,-0.149657808445011,NA,NA,-0.0366643997966174,NA,NA
1992.58333333333,1,NA,NA,-0.229798825991023,NA,NA,-0.0305759777887038,NA,NA
1992.66666666667,1,3.20681564183829,5.9784722679562,-0.277668274939765,-0.105534440465954,0.983420460124229,0.0265791229810357,-8.01198091666504,9.98628694273922
1992.75,1,NA,NA,-0.249849118958578,NA,NA,-0.0119427816026838,NA,NA
1992.83333333333,1,NA,NA,-0.179266159627811,NA,NA,-0.0612637181870723,NA,NA
1992.91666666667,1,2.56334682906907,2.79198701957988,-0.1520059099436,-0.128516806197789,1.03776127019124,-0.0542029533581805,-9.22376860450699,17.8942771035616
1993,1,NA,NA,-0.144976883155183,NA,NA,-0.0436223125598394,NA,NA
1993.08333333333,1,NA,NA,-0.122257058480002,NA,NA,0.0536807043907686,NA,NA
1993.16666666667,1,1.97798362271104,0.749196993066015,-0.132991972983354,-0.126616061674766,0.167260349548748,0.0138071908729094,-9.04945697453533,13.1169038824201
1993.25,1,NA,NA,-0.0855776358282113,NA,NA,-0.00709468353564313,NA,NA
1993.33333333333,1,NA,NA,-0.0350562084135503,NA,NA,-0.0173069052990193,NA,NA
1993.41666666667,1,4.09349516464506,7.8823768163204,-0.0708257796261973,-0.0702899686428757,0.580730118683626,-0.046121415864129,-9.57328428975116,13.4431856768763
1993.5,1,NA,NA,-0.0755517236393291,NA,NA,-0.0603374706089868,NA,NA
1993.58333333333,1,NA,NA,0.0472127860877592,NA,NA,0.00151084486663677,NA,NA
1993.66666666667,1,2.15540493161352,2.66999698776784,0.0624435224859041,-0.0294259186472912,0.476179197899285,-0.040861256727301,-10.6139051998107,8.91422846033613
1993.75,1,NA,NA,0.138299054132676,NA,NA,0.0356768570584085,NA,NA
1993.83333333333,1,NA,NA,0.0973992241309197,NA,NA,-0.0886025337736098,NA,NA
1993.91666666667,1,3.95271539856203,-1.85473228457855,0.281671616987351,-0.023945883106697,1.35094680855907,-0.122408127703645,-11.0357099549617,26.5716335124366
1994,1,NA,NA,0.218872715721295,NA,NA,0.0597308195694679,NA,NA
1994.08333333333,1,NA,NA,0.173761139379477,NA,NA,-0.0329256770668167,NA,NA
1994.16666666667,1,2.67947072524084,11.8389001234285,0.0366410211624314,0.0176379585088336,0.965539902655799,-0.00793724252307482,-11.2582112238534,28.4352479293299
1994.25,1,NA,NA,0.147576195782893,NA,NA,0.101165275897674,NA,NA
1994.33333333333,1,NA,NA,0.134845274645112,NA,NA,0.0789875797409223,NA,NA
1994.41666666667,1,0.936224636974003,10.7391604174142,0.0774707296739233,0.103528339649993,1.3459472215624,0.0445646837162577,-12.4273976856546,23.4469661023518
1994.5,1,NA,NA,0.100029598465334,NA,NA,0.0432436496393982,NA,NA
1994.58333333333,1,NA,NA,0.141056755544682,NA,NA,-0.0650108861709209,NA,NA
1994.66666666667,1,3.40659473669209,1.67908006209521,0.156333526123598,0.171415707993214,0.582813578468766,-0.0529572955693716,-11.0521657365433,16.5962794161929
1994.75,1,NA,NA,0.189319373474971,NA,NA,0.0206043482116365,NA,NA
1994.83333333333,1,NA,NA,0.11254772064224,NA,NA,0.041045549156085,NA,NA
1994.91666666667,1,1.11300796097069,5.55946240382399,0.106669380080655,0.15532213225202,1.13901299334209,-0.06600203189315,-13.5923225052396,24.9521687051348
1995,1,NA,NA,0.0117353787075284,NA,NA,0.0428818066408245,NA,NA
1995.08333333333,1,NA,NA,0.0496428605247837,NA,NA,0.0299623695991249,NA,NA
1995.16666666667,1,-0.839242343044155,2.66806620170774,0.0403866054113318,0.147186714227271,0.354128366946327,-0.00698395415377928,-8.40173991901866,28.0514369694299
1995.25,1,NA,NA,0.0356627005084112,NA,NA,0.0736016076671815,NA,NA
1995.33333333333,1,NA,NA,0.114623013912338,NA,NA,-0.0201174485257136,NA,NA
1995.41666666667,1,3.00592499046264,6.41192397719665,0.0732177369133061,0.128285065781109,0.297896723994029,-0.0631379048652856,-3.81626786866603,16.4505946142136
1995.5,1,NA,NA,0.0995163030388923,NA,NA,-0.0780263931786724,NA,NA
1995.58333333333,1,NA,NA,0.0695864965570655,NA,NA,0.0242670180642095,NA,NA
1995.66666666667,1,4.74183014094596,3.35464790250777,0.0832185745576771,0.116382415276123,0.847079663412664,0.0153812591951541,-2.82824469742208,19.9803393362142
1995.75,1,NA,NA,0.0713049302253636,NA,NA,-0.0382463364169181,NA,NA
1995.83333333333,1,NA,NA,0.0896704168277206,NA,NA,0.0371953114777142,NA,NA
1995.91666666667,1,0.75023573982449,1.96396222261841,0.158380964040327,0.139918817871977,0.676726062767941,0.0635157819110026,0.496882073743911,25.76032446167
1996,1,NA,NA,0.251820032812757,NA,NA,-0.013547967392008,NA,NA
1996.08333333333,1,NA,NA,0.240626661374887,NA,NA,-0.00885988510371938,NA,NA
1996.16666666667,1,2.67433923924774,0.934103572080236,0.217767991808263,0.159705671006086,0.746156138186116,0.0914691915001105,1.51679351764493,14.8743872703013
1996.25,1,NA,NA,0.223886336330361,NA,NA,0.0606029409628457,NA,NA
1996.33333333333,1,NA,NA,0.172985378338144,NA,NA,-0.0840692449087619,NA,NA
1996.41666666667,1,0.278921566608759,-3.46780457953182,0.175876638071523,0.206316701127211,1.65409159115111,-0.0302789711588864,5.47373773302226,0.453705877489708
1996.5,1,NA,NA,0.0948087839449025,NA,NA,0.0504876204071989,NA,NA
1996.58333333333,1,NA,NA,0.136137379481991,NA,NA,0.0309617872074166,NA,NA
1996.66666666667,1,0.401953817023148,-1.37542855565798,0.141998703715505,0.179334551287344,0.892992306181561,0.0886922216394657,6.56808084186309,6.97019696108373
1996.75,1,NA,NA,0.105882008728693,NA,NA,0.0542339615784246,NA,NA
1996.83333333333,1,NA,NA,0.169084884300425,NA,NA,-0.0543050747966243,NA,NA
1996.91666666667,1,2.32094894452306,1.95376508236151,0.188140831762146,0.148302777079842,1.03302783474408,0.0515877499673496,7.34961836163315,18.212778427427
1997,1,NA,NA,0.23716598393204,NA,NA,-0.0114641962590438,NA,NA
1997.08333333333,1,NA,NA,0.231590441073038,NA,NA,-0.128266580048717,NA,NA
1997.16666666667,1,2.62871930959676,-1.61760748076185,0.149888506957258,0.112163069880648,0.643489522997065,-0.0556294521576897,9.4034608741158,23.7867787581831
1997.25,1,NA,NA,0.122071222112066,NA,NA,-0.0772694183170597,NA,NA
1997.33333333333,1,NA,NA,0.179018456828945,NA,NA,0.080148665630922,NA,NA
1997.41666666667,1,3.72016068555734,2.09151584732119,0.158404077911501,0.108268682365995,1.64834135590901,-0.0786821270506837,9.74404736604527,12.4558325330228
1997.5,1,NA,NA,0.185841437921707,NA,NA,0.0212646186804877,NA,NA
1997.58333333333,1,NA,NA,-0.0109424020551393,NA,NA,0.0164102449967485,NA,NA
1997.66666666667,1,1.62208276489917,-1.11802717408516,0.0174146505438147,0.0709182252175401,1.24308955973991,-0.00589453630820369,13.144098840743,21.2460849775998
1997.75,1,NA,NA,-0.195070453202333,NA,NA,0.0698057610724849,NA,NA
1997.83333333333,1,NA,NA,-0.146620069987647,NA,NA,-0.0495509542573345,NA,NA
1997.91666666667,1,-1.20761635104341,-5.32024878259723,-0.196671280409084,0.0395363460520798,0.855149662873345,-0.107029855907408,12.2787689756885,-4.05227413177339
1998,1,NA,NA,-0.393062373744025,NA,NA,-0.1386184158748,NA,NA
1998.08333333333,1,NA,NA,-0.180148059200733,NA,NA,-0.0607133411528722,NA,NA
1998.16666666667,1,-2.71406287501783,-4.80874167602465,-0.163277089952709,-0.0461677132561192,0.994518148361756,-0.0693798020249292,9.26242486126638,-4.94890677605455
1998.25,1,NA,NA,-0.255804278511344,NA,NA,0.00982433896870982,NA,NA
1998.33333333333,1,NA,NA,-0.407103093041484,NA,NA,0.0425731523992858,NA,NA
1998.41666666667,1,-0.319033877394581,-4.1585804252132,-0.558495114318224,-0.119890000891349,0.921547812371237,-0.113534392400697,7.8900810149914,-26.5425515800719
1998.5,1,NA,NA,-0.537165557195147,NA,NA,0.0166022726394948,NA,NA
1998.58333333333,1,NA,NA,-0.717134670168767,NA,NA,-0.0181456173842331,NA,NA
1998.66666666667,1,-0.904472610416107,-4.31360776781009,-0.608164987564892,-0.246211140068644,1.24478767364753,0.0984146970124824,6.71144747253936,-19.0165845471495
1998.75,1,NA,NA,-0.340232693910852,NA,NA,-0.0414478486656751,NA,NA
1998.83333333333,1,NA,NA,-0.168895288962356,NA,NA,-0.110650620281321,NA,NA
1998.91666666667,1,1.46544146638625,-2.4504458354583,-0.159310801472572,-0.322876816960739,1.6029638409595,-0.134397846355839,8.59966119380979,4.87211039811008
1999,2,NA,NA,-0.170304190304122,NA,NA,0.0806573320096851,NA,NA
1999.08333333333,2,NA,NA,-0.168697761427423,NA,NA,-0.0522362458954206,NA,NA
1999.16666666667,2,2.08638263456251,-0.259091481576235,-0.117866885686969,-0.255832372887259,0.942020898567186,0.178353364234128,9.19993919843154,7.1263183757733
1999.25,2,NA,NA,0.133885303606055,NA,NA,0.195858996100294,NA,NA
1999.33333333333,2,NA,NA,0.112832853503797,NA,NA,0.0237215580468062,NA,NA
1999.41666666667,2,3.07465245109118,5.49990707435697,0.207165842854576,-0.130754135378033,0.766215697873385,0.00758203731131268,8.00532575168014,16.4581471028078
1999.5,2,NA,NA,0.1906907826794,NA,NA,0.13989945092978,NA,NA
1999.58333333333,2,NA,NA,0.174770346759731,NA,NA,0.0728885850563303,NA,NA
1999.66666666667,2,1.43358072098767,1.88266968193957,0.135025982340677,-0.0401267382147843,1.3011628748874,0.097534278573908,5.84895432533079,16.9097758427903
1999.75,2,NA,NA,0.158668185192335,NA,NA,-0.00943812494112506,NA,NA
1999.83333333333,2,NA,NA,0.229313445629094,NA,NA,0.0855083211979146,NA,NA
1999.91666666667,2,0.780844455651852,8.61427943917308,0.31873401908489,0.0238812106722915,1.68530367314723,0.0290255735623393,4.70409796346286,22.5518038471582
2000,2,NA,NA,0.221058779322205,NA,NA,0.00384070459042607,NA,NA
2000.08333333333,2,NA,NA,0.155025665700984,NA,NA,0.0697246906753712,NA,NA
2000.16666666667,2,3.10234145931059,-0.330983666382689,0.153852527536419,0.0670381342136276,0.36110737373285,0.00665942767877326,1.61961140184193,18.8837716921043
2000.25,2,NA,NA,0.184982840562844,NA,NA,-0.157978366011253,NA,NA
2000.33333333333,2,NA,NA,0.0191818443484214,NA,NA,0.148406200993869,NA,NA
2000.41666666667,2,2.19694592200579,3.75780614721322,0.139793643910392,0.0942093216064658,1.81460075458286,0.0775574806530623,1.90053531631349,22.4587982984033
2000.5,2,NA,NA,0.152474576386368,NA,NA,-0.0531500828362135,NA,NA
2000.58333333333,2,NA,NA,0.190767104332095,NA,NA,0.0433802956302252,NA,NA
2000.66666666667,2,3.1559327793909,7.59985031490649,0.112480851624766,0.0778361360830358,0.133466178942498,0.0819647337813629,0.455281701183113,24.9757136474003
2000.75,2,NA,NA,0.120632736145094,NA,NA,-0.0220514978445485,NA,NA
2000.83333333333,2,NA,NA,0.0993670410366628,NA,NA,0.0262209511672817,NA,NA
2000.91666666667,2,0.45055677085557,-0.0366643643008757,0.0935435104565332,0.06145706290976,0.620957650621357,-0.250712627257223,-1.22377366169185,3.7463344494331
2001,2,NA,NA,0.118161731074143,NA,NA,0.0201830796564655,NA,NA
2001.08333333333,2,NA,NA,0.11479733127173,NA,NA,0.0479764158405747,NA,NA
2001.16666666667,2,-0.26459112200552,-7.58804618333189,-0.0377763674335532,0.0319502916828229,-0.285585060820281,-0.0843890726911483,1.40378202676938,-23.7476204783246
2001.25,2,NA,NA,-0.0156568875478488,NA,NA,0.023404323677678,NA,NA
2001.33333333333,2,NA,NA,-0.0437367918862041,NA,NA,0.0660940346022723,NA,NA
2001.41666666667,2,-2.5644725684657,-10.8225371986904,0.0153699581877105,0.0340563119701138,0.582853891868673,-0.022792141352671,2.26433223054056,-26.5403551665531
2001.5,2,NA,NA,-0.0178634789797766,NA,NA,-0.0823795833578296,NA,NA
2001.58333333333,2,NA,NA,-0.033555849990849,NA,NA,0.0396174860721221,NA,NA
2001.66666666667,2,-2.64888822130214,-8.04647455644441,-0.224681409236962,0.0140562972088039,-0.415901766918125,-0.0337159549119561,6.62360447983602,-27.2125161511684
2001.75,2,NA,NA,-0.149923254284619,NA,NA,-0.186430639900982,NA,NA
2001.83333333333,2,NA,NA,-0.0399911649316459,NA,NA,-0.103426491881448,NA,NA
2001.91666666667,2,0.586537704917234,-0.443679592674595,0.0347208541908031,-0.020663597550398,0.272001114104015,-0.00803496621524036,13.6070058166101,-6.07693338577158
2002,2,NA,NA,0.116670461867189,NA,NA,0.0325476580689703,NA,NA
2002.08333333333,2,NA,NA,0.0256903684338518,NA,NA,0.0397247135070606,NA,NA
2002.16666666667,2,3.91774646959835,3.37502007649126,0.108309123607515,-0.0239360207752393,0.870712489066605,0.166455002375213,12.6371665519038,20.0755194780624
2002.25,2,NA,NA,0.0290792584243302,NA,NA,0.0687107281484007,NA,NA
2002.33333333333,2,NA,NA,-0.0102812316362296,NA,NA,0.00826102009109642,NA,NA
2002.41666666667,2,2.56220545739154,5.45809834256898,-0.130641225443555,-0.0235261361059443,0.603905351607459,-0.0474919874444879,12.7700934714665,5.45978183369461
2002.5,2,NA,NA,-0.143688067495691,NA,NA,0.0471968770526157,NA,NA
2002.58333333333,2,NA,NA,-0.144868023637435,NA,NA,0.0357938732201541,NA,NA
2002.66666666667,2,-0.446156100789175,2.04595958747396,-0.266234979923873,-0.012178338553874,0.443586033733467,0.0531608411454128,11.9387382360166,-3.03473707300041
2002.75,2,NA,NA,-0.175472546068516,NA,NA,-0.0291482447323532,NA,NA
2002.83333333333,2,NA,NA,-0.19805896149041,NA,NA,-0.106713590371975,NA,NA
2002.91666666667,2,0.0569618841861796,-0.407663852153384,-0.270099482787189,-0.0106373594240455,0.154702909803817,0.115533828983864,9.00043386269193,-6.80162159789556
2003,2,NA,NA,-0.311256349200596,NA,NA,0.0934033919890014,NA,NA
2003.08333333333,2,NA,NA,-0.312112294416686,NA,NA,0.0609835893826307,NA,NA
2003.16666666667,2,1.62955633246717,18.4133417443247,-0.319555687944292,-0.0154305510176384,0.553233578478718,-0.0820188817565157,7.31598952837843,-17.1986691019409
2003.25,2,NA,NA,-0.31569597148205,NA,NA,-0.170694182807674,NA,NA
2003.33333333333,2,NA,NA,-0.249451989213279,NA,NA,0.0246254953030776,NA,NA
2003.41666666667,2,-1.61238833071504,-1.74341071816198,-0.1849462020603,-0.0193694779925261,0.856580668018303,0.0663839853200296,12.7180739591139,-4.53985693176762
2003.5,2,NA,NA,-0.122723327138077,NA,NA,0.0218596828736777,NA,NA
2003.58333333333,2,NA,NA,-0.0825757797595505,NA,NA,0.033014669320941,NA,NA
2003.66666666667,2,5.0246112342597,2.80093268899861,-0.0658981860469838,-0.0237485085065558,1.68395105203327,-0.101581458426298,12.1868034709375,22.2411970400361
2003.75,2,NA,NA,-0.0163521802804387,NA,NA,0.0772411199244327,NA,NA
2003.83333333333,2,NA,NA,-0.025540556559654,NA,NA,0.0031283689809829,NA,NA
2003.91666666667,2,3.51035374609268,6.6233813144823,-0.0219024974603103,-0.0261537298538735,1.14162563468234,0.024932497800509,11.9153418247024,28.9344710107937
2004,2,NA,NA,0.0355608604193237,NA,NA,0.0409689592766846,NA,NA
2004.08333333333,2,NA,NA,0.0267776398433773,NA,NA,-0.00367812361112363,NA,NA
2004.16666666667,2,2.7937644686471,6.74109399506619,-0.00221220233568428,-0.0328524944684168,0.532327929739118,0.0697940521833096,6.99234526166208,30.8930012959106
2004.25,2,NA,NA,-0.0246293887270764,NA,NA,0.000477569161966951,NA,NA
2004.33333333333,2,NA,NA,-0.0467716054672187,NA,NA,0.103905662930094,NA,NA
2004.41666666667,2,0.968758685510984,4.83125136605098,-0.0343523391539785,-0.0364395592356556,0.759187231222036,-0.0581745854760551,1.88992137137682,19.4599177867799
2004.5,2,NA,NA,-0.0479626590258929,NA,NA,0.0617531389857889,NA,NA
2004.58333333333,2,NA,NA,-0.0461763698043186,NA,NA,0.104648616117127,NA,NA
2004.66666666667,2,0.398564226627052,4.41904477243256,-0.0228845621612589,-0.0394455747539268,0.940887783409394,-0.0172185813877384,-2.34435108151174,15.9059512249885
2004.75,2,NA,NA,-0.0409308208231878,NA,NA,0.111770267442803,NA,NA
2004.83333333333,2,NA,NA,-0.024777066962569,NA,NA,-0.110473396755037,NA,NA
2004.91666666667,2,2.86030829753212,1.53618197096552,-0.0121108697411435,-0.040681478635652,0.996690607987993,-0.0737655415781744,-5.15349685874869,11.5426257879049
2005,2,NA,NA,0.0110892396527796,NA,NA,0.0965537973084029,NA,NA
2005.08333333333,2,NA,NA,-0.00813796923138912,NA,NA,0.030315286111262,NA,NA
2005.16666666667,2,0.68056348044454,0.907046952172408,-0.012292916807626,-0.0438742624966151,1.10088153733212,0.132671511823267,-7.84135662747834,8.45865290611819
2005.25,2,NA,NA,-0.0347089037311321,NA,NA,-0.00719422597107588,NA,NA
2005.33333333333,2,NA,NA,-0.0127525661097499,NA,NA,-0.056360024719032,NA,NA
2005.41666666667,2,2.25797636878617,2.54712457877604,0.0221913363076979,-0.0514143733776267,0.460499384190882,0.11901148488476,-8.35162058190619,19.4594610959948
2005.5,2,NA,NA,0.0664196172119762,NA,NA,0.0384133336535807,NA,NA
2005.58333333333,2,NA,NA,0.0231310657127501,NA,NA,0.086493914499255,NA,NA
2005.66666666667,2,2.72916780531247,3.83170671633177,0.0249617491543625,-0.0535522642497469,0.88738491638658,-0.0170431670991532,-11.0048987920837,17.5875111085804
2005.75,2,NA,NA,-0.0356852822151118,NA,NA,-0.0599394961011739,NA,NA
2005.83333333333,2,NA,NA,-0.00459412666728881,NA,NA,-0.0500210584539855,NA,NA
2005.91666666667,2,3.37470912404036,6.72689198810295,0.00679818105962806,-0.0551722172129242,0.629477749733454,0.0253589972891292,-11.0486361984227,20.9260048915303
2006,2,NA,NA,0.0350290849464729,NA,NA,0.0951549639837946,NA,NA
2006.08333333333,2,NA,NA,0.0554545015750437,NA,NA,-0.0442277808796565,NA,NA
2006.16666666667,2,1.50623638800873,3.06881636764524,0.0727045769182279,-0.0574063199968354,1.32151650273595,0.0184073175923933,-11.7095121068861,22.0760918235845
2006.25,2,NA,NA,0.0935847072499352,NA,NA,0.104481248112923,NA,NA
2006.33333333333,2,NA,NA,0.000172382026888008,NA,NA,0.00697477624204584,NA,NA
2006.41666666667,2,0.659274702607426,3.08425918058699,0.0176552753226379,-0.0589916236549051,0.233427086425486,-0.00792825956205667,-14.2333620135153,21.4591852554977
2006.5,2,NA,NA,0.0130602849801884,NA,NA,0.053796681445254,NA,NA
2006.58333333333,2,NA,NA,0.0340124214130016,NA,NA,-0.0129937674214774,NA,NA
2006.66666666667,2,2.44329145043967,3.16541586990722,0.0689627246471051,-0.0531193810081165,0.154513358650021,-0.140026744837366,-16.4185945566234,22.9718480768599
2006.75,2,NA,NA,0.105640931641652,NA,NA,-0.065145545400959,NA,NA
2006.83333333333,2,NA,NA,0.149577762643479,NA,NA,0.0035415306467802,NA,NA
2006.91666666667,2,3.3348666981821,-1.48474711498388,0.191325255518981,-0.0359127852923847,0.848257333192137,0.0419545123207722,-20.300226124987,13.7365482691437
2007,2,NA,NA,0.249953677278416,NA,NA,-0.132050673610756,NA,NA
2007.08333333333,2,NA,NA,0.246837182672935,NA,NA,0.0686441318430123,NA,NA
2007.16666666667,2,1.8090381039821,1.8144425219905,0.288324545079591,-0.0105319988465347,0.235216256579029,0.0468081571235733,-19.6322469874513,21.2662725921309
2007.25,2,NA,NA,0.321293425996972,NA,NA,0.0684661235129529,NA,NA
2007.33333333333,2,NA,NA,0.356776529452437,NA,NA,-0.00217898595601718,NA,NA
2007.41666666667,2,2.00395324574014,0.539990583923444,0.368937981521567,0.0460079476975341,0.571237726457419,0.0420667145444261,-19.3724437574747,17.4589727906115
2007.5,2,NA,NA,0.348398859114383,NA,NA,0.0736887913666515,NA,NA
2007.58333333333,2,NA,NA,0.292020025620926,NA,NA,-0.0484361492845942,NA,NA
2007.66666666667,2,3.40573164627394,4.09459994116039,0.369517468536086,0.103689743427337,0.541800931709169,0.0859369048477834,-22.6097266680637,26.7836826595311
2007.75,2,NA,NA,0.379747046485536,NA,NA,0.0626741453488874,NA,NA
2007.83333333333,2,NA,NA,0.296740070416239,NA,NA,0.100142047877575,NA,NA
2007.91666666667,2,-0.690801715327005,3.43593389810666,0.299256719336185,0.146617826036746,0.60600200632539,-0.0225155824728072,-19.037063031363,15.9134341171646
2008,3,NA,NA,0.141511206472568,NA,NA,0.00956461549133369,NA,NA
2008.08333333333,3,NA,NA,0.153924168363805,NA,NA,0.0270440924933635,NA,NA
2008.16666666667,3,3.28586359728043,7.56576448913107,0.136188538826251,0.161742871995037,-0.576357599540422,0.0822847104555145,-13.625041805107,-15.0982219782771
2008.25,3,NA,NA,0.161824290725075,NA,NA,0.0646143201965473,NA,NA
2008.33333333333,3,NA,NA,0.175129374762979,NA,NA,0.114928248829587,NA,NA
2008.41666666667,3,-3.02861046528768,2.8739077592931,0.0901375582551037,0.141931289231505,0.515058392736911,0.058667476272776,-11.1837935747004,-3.54115941786462
2008.5,3,NA,NA,0.0662760322104658,NA,NA,0.00355510519099303,NA,NA
2008.58333333333,3,NA,NA,-0.0017677594441658,NA,NA,-0.146578003244293,NA,NA
2008.66666666667,3,0.155561838880303,0.651099280618794,-0.162195029148963,0.0970977645758024,-0.542826229929361,-0.141457709663586,-9.09975395374033,-17.760049368708
2008.75,3,NA,NA,-0.493349212364088,NA,NA,-0.307642038672207,NA,NA
2008.83333333333,3,NA,NA,-0.528333234079217,NA,NA,-0.279793736164898,NA,NA
2008.91666666667,3,-3.88295954738069,-25.927464075165,-0.493047503984531,0.0141499386890965,-2.18756492097896,-0.256242381401691,-7.76977393429495,-48.0735601250895
2009,3,NA,NA,-0.500821512705066,NA,NA,0.0582559969045263,NA,NA
2009.08333333333,3,NA,NA,-0.588821512482189,NA,NA,-0.0501099276175724,NA,NA
2009.16666666667,3,-2.46217569271465,-16.1100205064684,-0.523587707998051,-0.157951868815258,-1.12904483888769,0.1098781643744,-8.8938017275407,-39.9245630581378
2009.25,3,NA,NA,-0.384582547441797,NA,NA,0.0718401941189354,NA,NA
2009.33333333333,3,NA,NA,-0.173777208874662,NA,NA,0.143412184713756,NA,NA
2009.41666666667,3,4.45287916907322,6.39541906723755,-0.177305579484298,-0.226211683363815,-0.14409351409217,0.165278768742006,-9.17169097522652,-6.54053432977655
2009.5,3,NA,NA,-0.0353006967519675,NA,NA,-0.0660936517556077,NA,NA
2009.58333333333,3,NA,NA,-0.0518437121208568,NA,NA,0.0984928716928298,NA,NA
2009.66666666667,3,4.43220896944236,11.3564000361282,-0.0118193408771381,-0.100084363471994,0.363449821007222,-0.0491352057161911,-8.47275787155613,12.9793460701543
2009.75,3,NA,NA,-0.0306413037779186,NA,NA,0.0772907353583722,NA,NA
2009.83333333333,3,NA,NA,-0.00139340238139688,NA,NA,0.0430464034328775,NA,NA
2009.91666666667,3,-0.775693775436181,6.7809150731291,0.0713908794628415,-0.049099712635121,1.09239567672041,-0.0351265362158181,-9.38178850458105,22.850858698348
2010,3,NA,NA,0.00884329745190459,NA,NA,0.0279738441745538,NA,NA
2010.08333333333,3,NA,NA,0.0148892345479206,NA,NA,-0.0309411338992086,NA,NA
2010.16666666667,3,7.82781359879934,5.36823972389886,0.0557084118102704,-0.0136119530439027,0.384041355950338,0.0585881506344317,-13.9492481273935,22.1477917004088
2010.25,3,NA,NA,0.0779401182944272,NA,NA,0.0599010947957698,NA,NA
2010.33333333333,3,NA,NA,-0.0111526289267732,NA,NA,-0.106143319084101,NA,NA
2010.41666666667,3,5.89197843960516,5.94206812335862,0.0220992204656689,0.0187547596108815,0.917803571976883,-0.0116124016690282,-20.9531482456761,13.4605676920393
2010.5,3,NA,NA,0.0667474536854838,NA,NA,-0.00536239471212407,NA,NA
2010.58333333333,3,NA,NA,0.0387528149198951,NA,NA,0.0170161429391437,NA,NA
2010.66666666667,3,-2.68560265618376,5.48074796021911,0.0855714198390478,0.0288595237289531,0.734507153790886,0.00195686091428987,-19.3131555500728,6.90876644027731
2010.75,3,NA,NA,0.101855062140625,NA,NA,0.0672767760449893,NA,NA
2010.83333333333,3,NA,NA,0.100112610035791,NA,NA,0.0316508782277099,NA,NA
2010.91666666667,3,2.35985733279485,2.22182117964076,0.116229651729683,0.038349607660431,0.500647205012683,0.0595029380138546,-19.0507358283021,26.5307362689611
2011,3,NA,NA,0.0970082335563049,NA,NA,0.0255759326911869,NA,NA
2011.08333333333,3,NA,NA,0.0403247010775373,NA,NA,0.0516065677383655,NA,NA
2011.16666666667,3,3.15932884368433,4.89731528666519,0.0704120928652612,0.0439815804420832,-0.240730776493869,0.0997486881740564,-12.8682651120676,7.46504632296009
2011.25,3,NA,NA,0.0826356431079088,NA,NA,0.0629670833030246,NA,NA
2011.33333333333,3,NA,NA,0.0644470630143667,NA,NA,-0.0749593392628962,NA,NA
2011.41666666667,3,0.75733054998679,2.36273187686251,0.0484149313893404,0.0482717169849402,0.712429510349466,-0.0211934378516857,-10.825543257665,7.46132260080068
2011.5,3,NA,NA,0.0581584382309845,NA,NA,0.0166596582561883,NA,NA
2011.58333333333,3,NA,NA,-0.0550870429443167,NA,NA,-0.0730988153686459,NA,NA
2011.66666666667,3,1.21387012326171,1.71719601883256,-0.124119392940867,0.0473984302237388,-0.0277825214336502,0.00188589807394543,-11.2300039706727,-8.40763939541438
2011.75,3,NA,NA,-0.0698509201764632,NA,NA,-0.0103394418974445,NA,NA
2011.83333333333,3,NA,NA,-0.132761785202562,NA,NA,0.0502136779797422,NA,NA
2011.91666666667,3,-0.184461017414783,-5.13374158017772,-0.152322296908339,0.0376302827683403,1.15261676529688,-0.011382114514104,-10.9868476928059,-5.08595368938041
2012,3,NA,NA,-0.0604112689210776,NA,NA,0.0224801473309553,NA,NA
2012.08333333333,3,NA,NA,-0.0192078639006776,NA,NA,0.0513462760306723,NA,NA
2012.16666666667,3,2.84439177891418,4.56669347424814,-0.0210416177834567,0.0252388866911993,0.779943284988072,0.0423288085293525,-9.7218595256434,6.90151760228396
2012.25,3,NA,NA,-0.039988213945482,NA,NA,-0.0367844855348412,NA,NA
2012.33333333333,3,NA,NA,-0.112962613104522,NA,NA,-0.0860596058756985,NA,NA
2012.41666666667,3,1.42356313004921,-2.92086511734775,-0.0748245305884031,0.020432570982307,0.429278790026366,-0.136934997696319,-10.3390901895695,-3.53791321234718
2012.5,3,NA,NA,-0.0228322757301375,NA,NA,0.0634746894373715,NA,NA
2012.58333333333,3,NA,NA,-0.0296396287252083,NA,NA,0.0790493120829512,NA,NA
2012.66666666667,3,-2.31573692378113,-4.66801077700216,-0.0168977799606847,0.0184474393858935,0.134857236196773,0.00556857506254346,-4.78161229147608,-9.2102246911247
2012.75,3,NA,NA,-0.031062008119639,NA,NA,-0.0301004523582888,NA,NA
2012.83333333333,3,NA,NA,-0.0102652196678129,NA,NA,-0.019719578644418,NA,NA
2012.91666666667,3,2.36004884651049,1.14243579251143,0.011000048142564,0.0298793335194402,0.113808459377296,-0.000507611247476253,-1.66322298082826,3.90357606863715
2013,3,NA,NA,0.0412159376699644,NA,NA,0.0345553835941589,NA,NA
2013.08333333333,3,NA,NA,0.0359404033927173,NA,NA,0.0196827490990922,NA,NA
2013.16666666667,3,1.9390149570814,-1.56103921699025,0.0566236059966401,0.0307441706273726,0.881775992890077,-0.0458060235612053,2.60045051033685,0.0893465678100709
2013.25,3,NA,NA,0.0949910093809468,NA,NA,-0.0351096813502408,NA,NA
2013.33333333333,3,NA,NA,0.0629121063940693,NA,NA,0.00349896768118324,NA,NA
2013.41666666667,3,2.63242507810251,3.33334496875182,0.0141049754977441,0.0375948525914414,0.123320403656102,0.00135914612004134,5.11793589903012,3.462951115706
2013.5,3,NA,NA,0.0472329972750728,NA,NA,0.0502085398403767,NA,NA
2013.58333333333,3,NA,NA,-0.0152313366616776,NA,NA,0.0246084871472456,NA,NA
2013.66666666667,3,-0.547428141174677,0.337069424592329,0.0308432717419662,0.0393082748021318,0.780362403946455,0.00668682685137537,6.05658988546143,7.96844204541635
2013.75,3,NA,NA,0.0234697462077406,NA,NA,-0.0308562296881847,NA,NA
2013.83333333333,3,NA,NA,0.008185034414124,NA,NA,-0.0282373594354589,NA,NA
2013.91666666667,3,1.44258809209976,1.02285008061607,0.0057935982368577,0.0293842149812821,0.795079785470243,0.0248617554573461,7.66105148561798,9.17948716519022
2014,3,NA,NA,-0.0378295370580049,NA,NA,-0.0340099944932638,NA,NA
2014.08333333333,3,NA,NA,-0.0129222354615627,NA,NA,0.0230673421347504,NA,NA
2014.16666666667,3,1.12717063898078,-1.91780366247816,0.000860528295626694,0.0173305252652831,-0.252081041766594,-0.00916310846293467,9.24014761887505,3.81262613529968
2014.25,3,NA,NA,0.0276201510989288,NA,NA,0.00592742641402946,NA,NA
2014.33333333333,3,NA,NA,0.0449829107167638,NA,NA,0.0060243928157572,NA,NA
2014.41666666667,3,1.08942654933522,1.0585417107956,0.0407266914354509,0.00826510254379152,1.24607735973541,0.0232304118879163,10.9903158941179,1.46370261458422
2014.5,3,NA,NA,0.0748975312398261,NA,NA,-0.0305737465878915,NA,NA
2014.58333333333,3,NA,NA,0.0559339845257916,NA,NA,-0.0495213991810629,NA,NA
2014.66666666667,3,-0.316988094497184,-2.48164628678564,0.0329322230174065,0.00347181040271771,1.20166166386841,-0.0429052769473889,15.0225552683158,1.24535927258965
2014.75,3,NA,NA,0.0306407597340562,NA,NA,-0.1075957521583,NA,NA
2014.83333333333,3,NA,NA,0.0482913890741862,NA,NA,-0.111273562133586,NA,NA
2014.91666666667,3,2.24956247972496,-5.63692805390277,0.0517979819225065,-0.00388507293426436,0.470740806249559,-0.236393456928339,13.4115354261312,5.91680318945929
2015,3,NA,NA,0.0623698700568306,NA,NA,-0.238737097402782,NA,NA
2015.08333333333,3,NA,NA,0.0683031743986906,NA,NA,0.14709797709471,NA,NA
2015.16666666667,3,-0.357819511359558,-4.68457987876567,0.0735393096636371,-0.00991745083445197,0.819349191300489,-0.041315191145869,11.2113394124745,-1.92529300467342
2015.25,3,NA,NA,0.0992623880171562,NA,NA,0.0815955382211343,NA,NA
2015.33333333333,3,NA,NA,0.0645757072118258,NA,NA,0.0812152371969329,NA,NA
2015.41666666667,3,0.838960090405649,-3.45214509409546,0.04402006907284,-0.0140416371265345,0.821232435452757,-0.0228065615060998,11.9102415780541,-2.53572564066507
2015.5,3,NA,NA,0.0133632299087044,NA,NA,-0.119208241111159,NA,NA
2015.58333333333,3,NA,NA,-0.0819369990713637,NA,NA,-0.174262279371328,NA,NA
2015.66666666667,3,-0.136287323955209,-5.30725030607542,-0.111297088484222,-0.0219508367020171,0.239827894573708,0.0127045742520109,11.1569347373113,-12.016870329221
2015.75,3,NA,NA,-0.0417371402291276,NA,NA,0.0128942660758582,NA,NA
2015.83333333333,3,NA,NA,-0.0835280843486046,NA,NA,-0.0867317935673231,NA,NA
2015.91666666667,3,0.883914908424543,-2.04978698510789,-0.0772372115568544,-0.0211377281151703,0.0998595097682298,-0.165867456140693,13.0297485664544,-13.1562793201887
2016,3,NA,NA,-0.155104656455389,NA,NA,-0.202733522593698,NA,NA
2016.08333333333,3,NA,NA,-0.131591562786073,NA,NA,0.0416272429236468,NA,NA
2016.16666666667,3,0.520450054835209,-6.30785545622468,-0.0695347026453251,-0.0221907985262477,0.383932831727485,0.181132622197786,12.4382095609049,-7.09782841778184
2016.25,3,NA,NA,-0.0710379341171872,NA,NA,0.0850532130137029,NA,NA
2016.33333333333,3,NA,NA,-0.0838656067604337,NA,NA,0.117818207436187,NA,NA
2016.41666666667,3,0.766592529142862,4.88828638053782,-0.0803979296610853,-0.0202305268870457,0.564005335085938,0.0339797763882222,14.4988986747857,-5.53507653482907
2016.5,3,NA,NA,-0.070581828130959,NA,NA,-0.0750642802483624,NA,NA
2016.58333333333,3,NA,NA,-0.0851680042222581,NA,NA,0.0122193433010127,NA,NA
2016.66666666667,3,-0.508861250948378,0.517304580564559,-0.071022864349834,-0.0289777722215246,0.476768118071469,0.00275787913969117,14.3691182696532,5.59218261273253
2016.75,3,NA,NA,-0.0851329520486307,NA,NA,0.087296883998184,NA,NA
2016.83333333333,3,NA,NA,-0.0532293323844513,NA,NA,-0.0869870285498697,NA,NA
2016.91666666667,3,2.85423768737392,-0.041120892204205,-0.0658196320424022,-0.0276313739703965,0.43661978095102,0.147986608989886,11.9308475655583,7.91020813613459
2017,3,NA,NA,-0.0152882946539647,NA,NA,0.014515329466171,NA,NA
2017.08333333333,3,NA,NA,0.000148979695253389,NA,NA,0.0131898910190027,NA,NA
2017.16666666667,3,-0.612116235653382,2.4112371141908,0.0219534580548852,-0.0248201801690827,0.442324282671791,-0.0633881282773139,10.6440848719702,3.08064635952998
2017.25,3,NA,NA,0.0218812614750635,NA,NA,0.0235244040481442,NA,NA
2017.33333333333,3,NA,NA,0.0376453386544491,NA,NA,-0.0441439862216012,NA,NA
2017.41666666667,3,1.02632979843928,0.742420951758582,0.0431621729286327,-0.0190882218642139,0.736945510145048,-0.0794566560255318,12.4876569792453,-0.534547407306066
2017.5,3,NA,NA,0.0719481921860483,NA,NA,NA,NA,NA
2017.58333333333,3,NA,NA,0.0587403256142975,NA,NA,NA,NA,NA
2017.66666666667,3,2.09930642320995,4.9179705969844,0.0506608781960425,-0.00533849452578723,0.696054556642878,NA,10.4770249647905,5.97690667651264
2017.75,3,NA,NA,0.101413566083395,NA,NA,NA,NA,NA
2017.83333333333,3,NA,NA,0.114492295802097,NA,NA,NA,NA,NA
2017.91666666667,3,1.03418284083965,4.58474750078635,0.113903196696974,0.0090739850309848,0.56633047129111,NA,13.2254964817946,7.72209814727591
